アカイライ		79	47	55	52	25	23	72	72	99	青	コスト+4
ホロゴースト		74	87	14	46	72	29	54	63	99	紫	コスト+4 幻惑耐性+5%
ボボンガー		114	103	38	71	58	98	51	41	99	緑	コスト+4 スキルHP回復効果+10% 封印耐性+10% 呪い耐性+10% 魅了耐性+10%
まおうのつかい	ルカニ	118	71	82	78	37	34	108	108	99	青	コスト+4 スキルの斬撃ダメージ+10％ スキルの体技ダメージ+5％ イオ属性とくぎダメージ+5％ ゾンビ系へのダメージ+10％ 呪い耐性+10％ 防御減耐性+10％
暴嵐天バリゲーン		140	56	65	100	37	37	35	55	99	黄	コスト+4 スキルの斬撃ダメージ+5％ スキルの体技ダメージ+12％ 会心率+5％ バギ属性耐性+10％
ガーゴイル		83	35	78	47	12	12	68	60	98	赤	コスト+4 スキルの体技ダメージ+7% 呪い耐性+5%
キラートーチ		67	78	13	42	65	26	49	57	98	紫	コスト+4
ホラービースト		91	48	90	52	16	32	61	24	96	黄	コスト+4 スキルの斬撃・体技ダメージ+7% ドルマ属性とくぎダメージ+7% ヒャド属性耐性+7% 混乱耐性+7%
げんじかぶと		91	36	42	65	24	24	23	36	96	黄	コスト+4
メガザルロック		74	68	25	46	37	64	34	27	96	緑	コスト+4 麻痺耐性+5%
アイアンクック		67	29	63	38	10	10	55	49	95	赤	コスト+4
だいおうキッズ		90	54	63	60	29	26	84	84	95	青	コスト+4 スキルの斬撃ダメージ+7％ 即死耐性+5％
てっこうまじん		97	39	45	69	26	26	25	39	93	黄	コスト+4 攻撃減耐性+5%
ヘルゴースト		99	80	26	25	32	48	22	29	93	緑	コスト+4
ブラックドラゴン		85	61	43	48	70	10	38	44	93	紫	コスト+4 メラ属性ダメージ+14％ バギ属性ダメージ+14％ ドルマ属性耐性+5％ 麻痺耐性10％
アームライオン	きあいため	127	54	73	55	14	14	57	50	92	赤	コスト+4 スキルの斬撃・体技ダメージ+10% ヒャド属性とくぎダメージ+10％ 幻惑耐性+10％ 怯え耐性+10％
ボーンプリズナー		87	35	41	62	23	23	22	35	92	黄	コスト+4
ミミック		75	55	38	42	62	9	34	39	92	紫	コスト+4 メラ属性ダメージ+7％ ギラ属性ダメージ+7％ 混乱耐性+5％
ウイングタイガー	シャドーステップ	97	58	67	64	31	28	91	91	92	青	コスト+4 スキルの体技ダメージ+5％ バギ属性とくぎダメージ+7％ ゾンビ系へのダメージ+5％ 呪い耐性+5％
あくまのきし	ラリホー	87	37	81	49	13	13	72	64	92	赤	コスト+4 スキルの斬撃ダメージ+7％ デイン属性とくぎダメージ+5％ 悪魔系へのダメージ+5％ ギラ属性耐性+7％ 転び耐性+7％
マッドフィンガー		70	66	23	43	35	60	32	26	90	緑	コスト+4
ブリザード		79	48	55	52	25	23	74	74	90	青	コスト+4 ヒャド属性耐性+5%
ボストロール	まじん斬り	100	10	80	44	11	11	30	40	90	赤	コスト+4 スキルの斬撃・体技ダメージ+5％ 悪魔系へのダメージ+10％
フロストギズモ		71	42	49	47	23	20	67	67	89	青	コスト+4
マリンスライム		70	37	69	40	13	25	47	19	89	黄	コスト+4 防御減耐性+5％
おばけトマト		60	74	12	37	58	23	45	52	87	紫	コスト+4
シールドオーガ		100	40	46	71	26	26	26	41	87	黄	コスト+4 スキルの斬撃ダメージ+7% 麻痺耐性+5%
シルバーデビル		90	86	30	56	45	77	42	34	87	緑	コスト+4 スキルHP回復効果+7% 眠り耐性+7% 即死耐性+15%
トロピカルドラゴ		100	109	15	25	57	25	48	70	87	紫	コスト+4 じゅもんダメージ+3% ヒャド属性じゅもんダメージ+7% ギラ属性じゅもんダメージ+7% ギラ属性耐性+7% 踊り耐性+7%
ドラゴンガイア		83	35	77	47	12	12	70	62	87	赤	コスト+4 スキルの斬撃・体技ダメージ+3％ ジバリア属性とくぎダメージ+7％ イオ属性とくぎダメージ+7％ メラ属性耐性+7％ 怯え耐性+7％
ブラッドソード		62	26	57	35	9	9	52	46	86	赤	コスト+4
メイジキメラ		73	71	24	45	37	63	34	28	86	緑	コスト+4 眠り耐性+5%
ベホイムスライム		65	64	22	40	33	56	31	25	84	緑	コスト+4
りゅうき兵		106	18	29	88	16	16	12	18	84	黄	コスト+4 怯え耐性+5%
おどるほうせき	メダパニ	87	110	24	54	84	34	66	77	84	紫	コスト+4 じゅもんダメージ+10% イオ属性じゅもんダメージ+10% すばやさ減耐性+10% 防御減耐性+10%
ゾーマ		57	88	7	27	117	43	85	77	84	紫	コスト+4 じゅもんダメージ+10% 魔力の暴走率+5% ヒャド属性耐性+10% 防御減耐性+5%
ダークキング		107	42	50	76	28	28	28	44	84	黄	コスト+4 スキルの斬撃・体技ダメージ+5% イオ属性とくぎダメージ+7% ジバリア属性とくぎダメージ+7 ドルマ属性耐性+7% 転び耐性+10%
スナノサウルス		87	96	13	22	47	22	42	61	84	紫	コスト+4 じゅもんダメージ+3％ ヒャド属性じゅもんダメージ+5％ ギラ属性じゅもんダメージ+5％ 攻撃減耐性+5％ 防御減耐性+5％
ギガンテス		121	72	45	67	22	20	68	68	84	青	コスト+4 スキルの斬撃・体技ダメージ+10％ ジバリア属性とくぎダメージ+10％ ドルマ属性耐性+10％ 攻撃減耐性+10％
キングスイカ岩	いやしの果汁	86	51	63	57	37	14	28	44	84	黄	コスト+4 スキルの斬撃・体技ダメージ+5% ヒャド属性ダメージ+7% デイン属性ダメージ+7% ジバリア属性耐性+7% 転び耐性+7%
ドラゴンゾンビ		51	57	11	29	47	94	22	30	84	緑	コスト+4 スキルHP回復効果+5％ 戦闘時のどうぐMP回復効果+6％ 毒耐性+5％ 防御減耐性+5％
ヘルジュラシック		115	19	32	96	18	18	13	20	84	黄	コスト+4 スキルの斬撃ダメージ+3％ ドラゴン系へのダメージ+3％ デイン属性とくぎダメージ+7％ バギ属性耐性+5％ 眠り耐性+5％
ジェリーマン		66	40	46	44	21	19	64	64	83	青	コスト+4
ベンガルクーン		45	70	8	22	92	34	67	61	83	紫	コスト+4 じゅもんダメージ+5% 封印耐性+5%
さまようたましい		46	56	10	26	43	85	20	27	83	緑	コスト+4 呪い耐性+5%
ゴールドオーク		78	31	36	55	20	20	21	32	81	黄	コスト+4
うみぼうず		86	51	32	47	16	14	49	49	81	青	コスト+4 眠り耐性+5%
エビルホーク		78	33	72	44	18	18	67	59	81	赤	コスト+4 スキルの斬撃・体技ダメージ+7% ドルマ属性とくぎダメージ+7% バギ属性耐性+7% 転び耐性+7%
カンダタ		51	28	75	26	13	11	91	98	81	青	コスト+4 スキルの体技ダメージ+3％ ジバリア属性ダメージ+5％ ドルマ属性とくぎダメージ+5％ 怯え耐性+5％
バラモスブロス		67	52	38	38	55	8	31	36	81	紫	コスト+4 イオ属性ダメージ+7％ ギラ属性ダメージ+7％ 攻撃減耐性+5% 封印耐性+5%
ダークスライム		70	37	69	40	12	24	49	20	81	黄	コスト+4 スキルの斬撃ダメージ+3% イオ属性とくぎダメージ+5% スライム系へのダメージ+5% 防御減耐性+5% 転び耐性+5%
ベスキング		87	52	60	57	27	25	84	84	81	青	コスト+4 スキルの斬撃・体技ダメージ+3％ バギ属性とくぎダメージ+7％ ギラ属性とくぎダメージ+7％ ギラ属性耐性+7％ 混乱耐性+7％
ヘルコンドル		51	26	101	22	6	6	80	76	81	赤	コスト+4 スキルの斬撃・体技ダメージ+3％ バギ属性とくぎダメージ+7％ メラ属性とくぎダメージ+7％ ジバリア属性耐性+7％ 魅了耐性+7％
まなつのせんし		70	30	65	40	10	10	60	53	81	赤	コスト+4 スキルの斬撃ダメージ+3% メラ属性とくぎダメージ+5% ヒャド属性とくぎダメージ+5% ギラ属性耐性+5% 転び耐性+5%
フレイムドック		55	28	75	26	13	11	91	98	81	青	コスト+4 スキルの体技ダメージ+3% メラ属性とくぎダメージ+5% 悪魔系へのダメージ+3% 麻痺耐性+5% 攻撃減耐性+5%
じごくのハサミ		77	46	53	51	24	22	74	74	80	青	コスト+4 スキルの体技ダメージ+5% ヒャド属性耐性+5%
やまたのおろち		76	32	71	43	11	11	66	58	80	赤	コスト+4 スキルの斬撃・体技ダメージ+3% デイン属性とくぎダメージ+7% バギ属性とくぎダメージ+7% イオ属性耐性+7% 幻惑耐性+7%
メタルホイミン		73	74	24	45	37	62	35	28	78	緑	コスト+4 スキルHP回復効果+7% 全属性耐性+5% 不利な状態変化耐性+5%
メイジドラキー		54	71	15	34	52	21	42	49	78	紫	コスト+4
じんめんじゅ		81	34	46	35	14	14	38	33	78	赤	コスト+4 魅了耐性+5%
きりさきピエロ		57	43	47	48	47	12	24	38	78	黄	コスト+4 スキルの体技ダメージ+3% メラ属性ダメージ+5% ジバリア属性ダメージ+5% 防御減耐性+5% 混乱耐性+5%
キラーマシン		114	48	58	62	24	17	25	16	77	黄	コスト+4 スキルの斬撃・体技ダメージ+12% メラ属性耐性+10% 麻痺耐性+10%
ブラッドハンド		61	44	37	35	21	24	61	47	77	青	コスト+4
究極エビルプリースト		91	66	55	53	32	35	91	71	77	青	コスト+4 スキルの斬撃・体技ダメージ+10% メラ属性とくぎダメージ+10％ イオ属性耐性+10％ 眠り耐性+10％
スカイドラゴン	マヌーサ	103	47	43	21	11	11	33	41	77	赤	コスト+4 スキルの斬撃・体技ダメージ+7% さいだいMP+15 幻惑耐性+7% 即死耐性+5%
セルゲイナス		51	22	77	33	21	15	36	7	77	黄	コスト+4 スキルの斬撃・体技ダメージ+3% メラ属性とくぎダメージ+7％ イオ属性とくぎダメージ+7％ ヒャド属性耐性+7％ 防御減耐性+7％
バラモス		108	67	44	41	33	55	55	41	77	緑	コスト+4 スキルHP回復効果+10% じゅもん耐性+5% イオ属性耐性+5% 混乱耐性+10%
りゅうせんし		34	48	60	20	24	26	34	78	77	青	コスト+4 呪い耐性+5% ドラゴンガイアへの耐性+10%
サブナック		40	56	56	25	9	49	61	36	77	緑	コスト+4 スキルの体技ダメージ+7％ メラ属性とくぎダメージ+5％ スキルHP回復効果+5％ バギ属性耐性+7％ 怯え耐性+7％
サイおとこ	きあいため	74	28	54	36	9	9	59	72	75	赤	コスト+4 スキルの斬撃ダメージ+7％ 防御減耐性+5％
キングスライム		40	58	81	23	28	31	120	74	75	青	コスト+4 スキルの斬撃・体技ダメージ+7％ 会心率+4％ イオ属性耐性+7％ 即死耐性+7％
ベビーサラマンダ		62	23	45	30	8	8	49	60	75	赤	コスト+4
フレイム		57	69	24	31	45	18	43	41	75	紫	コスト+4
じごくのよろい		54	18	71	36	17	13	9	7	75	黄	コスト+4
パペットマン		59	58	29	31	21	45	30	27	74	緑	コスト+4
キラーパンサー		33	24	83	16	9	9	63	97	72	赤	コスト+4 ギラ属性耐性+3％
かっちゅうアリ		74	31	37	39	15	11	16	10	72	黄	コスト+4
しりょうのきし		59	22	44	29	8	8	47	58	71	赤	コスト+4
きめんどうし	メダパニ	55	67	23	30	44	18	41	39	71	紫	コスト+4
ドラゴスライム	メラミ	69	68	34	37	25	52	35	31	71	緑	コスト+4 スキルHP回復効果+7% 全属性耐性+10% ブレス耐性+5%
ホークブリザード	ヒャダルコ	103	76	36	34	30	32	104	53	69	青	コスト+4 スキルの斬撃・体技ダメージ+10% ヒャド属性とくぎダメージ+10% ヒャド属性耐性+10% 踊り耐性+10%
ミニデーモン	メラミ	42	73	25	16	84	22	54	55	69	紫	コスト+4 メラ属性耐性+3%
ヒイラギどうじ	ヒャダルコ	72	88	30	39	57	23	54	52	69	紫	コスト+4 じゅもんダメージ+5％ ヒャド属性じゅもんダメージ+10％ 転び耐性+7％ 縛り耐性+7％
ベホイミスライム	ベホイミ	57	56	27	30	20	43	29	26	69	緑	コスト+4
ヘルバトラー		87	110	30	20	46	23	70	52	69	紫	コスト+4 じゅもんダメージ+7％ メラ属性じゅもんダメージ+7％ イオ属性耐性+7％ 怯え耐性+7％
ギガデーモン		96	51	34	86	19	14	8	13	69	黄	コスト+4 スキルの斬撃・体技ダメージ+7% 会心率+4% 混乱耐性+7% 防御減耐性+7%
アンドレアル		78	29	57	37	10	10	62	77	69	赤	コスト+4 スキルの斬撃・体技ダメージ+7% デイン属性とくぎダメージ+7% デイン属性耐性+7% 幻惑耐性+7%
メタルドラゴン		88	32	64	42	12	12	70	87	69	赤	コスト+4 スキルの斬撃・体技ダメージ+10% 不利な状態変化耐性+5% 攻撃減耐性+10%
ずしおうまる		35	11	77	17	9	9	56	104	69	赤	コスト+4 スキルの斬撃ダメージ+3% 悪魔系へのダメージ+3% ドルマ属性とくぎダメージ+5% 幻惑耐性+5% 混乱耐性+5%
くものきょじん	バギマ	35	49	61	20	24	26	35	80	69	青	コスト+4 スキルの体技ダメージ+3% ドルマ属性とくぎダメージ+5% バギ属性とくぎダメージ+5% 麻痺耐性+5% イオ属性耐性+5%
セキバーン		75	74	30	17	22	38	38	28	69	緑	コスト+4 ジバリア属性耐性+5％
リザードマン		71	29	36	38	14	10	15	9	68	黄	コスト+4
バトルレックス	はやぶさ斬り	75	54	45	43	26	28	76	58	68	青	コスト+4 スキルの斬撃・体技ダメージ+5% 戦闘終了時にMPを6回復する メラ属性耐性+7% 幻惑耐性+5%
スノードラゴン	ヒャダルコ	80	80	32	18	23	41	40	30	68	緑	コスト+4 スキルHP回復効果+7％ 転び耐性+5％
ばくだん岩		57	21	42	27	8	8	45	56	66	赤	コスト+4
アローインプ		56	40	33	32	19	21	56	43	66	青	コスト+4
メトロゴースト	ドルマ	60	60	29	32	21	46	30	27	66	緑	コスト+4 毒耐性+3％
つむりんママ		55	18	71	35	17	12	9	66	66	黄	コスト+4 スキルの斬撃ダメージ+7％ 全属性耐性+5%
ふくぶくろ		85	37	35	17	9	9	27	34	66	赤	コスト+4 スキルの斬撃ダメージ+5％ 防御減耐性+5％ ドルマ属性とくぎダメージ+3％
ピンクモーモン		54	54	26	28	19	41	27	24	65	緑	コスト+4
スカルゴン	ドルクマ	69	84	28	37	54	21	52	49	65	紫	コスト+4 じゅもんダメージ+5% ドルマ属性じゅもんダメージ+10% ヒャド属性耐性+7% 呪い耐性+5%
アイスゴーレム		30	43	53	17	21	22	31	70	65	青	コスト+4 ヒャド属性耐性+5％
ブリザードマン		35	84	28	15	81	32	31	74	65	紫	コスト+4 じゅもんダメージ+3％ メラ属性じゅもんダメージ+7％ ヒャド属性じゅもんダメージ+7％ バギ属性耐性+7％ 封印耐性+7％
たてまじん		75	24	28	66	15	11	8	10	63	黄	コスト+4 ギラ属性耐性+3%
ボーンナイト		110	19	53	21	10	10	58	72	63	赤	コスト+4 スキルの体技ダメージ+7% スライム系へのダメージ+5% ドルマ属性耐性+7% 即死耐性+7%
ヒートギズモ		51	62	21	27	40	15	38	36	63	紫	コスト+4
シャドー		53	38	31	30	18	20	54	41	62	青	コスト+4
メタルライダー	ベホイミ	64	45	37	36	21	24	64	49	62	青	コスト+4 スキルの斬撃ダメージ+7% バギ属性耐性+5%
あくま神官	イオラ	78	78	37	41	26	59	39	35	62	緑	コスト+4 じゅもんダメージ+5% スキルHP回復効果+10% ギラ属性耐性+10% イオ属性耐性+10%
ハートナイト	スカラ	65	23	48	9	9	9	52	64	62	赤	コスト+4 スキルの斬撃ダメージ+5% ガード率+2% 不利な状態変化耐性+5%
デビルアーマー		54	19	40	26	7	7	43	54	62	赤	コスト+4
ピンクボンボン		97	16	48	19	9	9	52	64	62	赤	コスト+4 スライム系へのダメージ+7% けもの系へのダメージ+5% イオ属性耐性+7%
ゴールデンコーン	ピオラ	33	23	80	16	9	9	62	96	62	赤	コスト+4 スキルの体技ダメージ+7% 会心率+2% デイン属性耐性+5%
ももいろ三姉妹		38	62	30	17	25	85	22	28	62	緑	コスト+4 バギ属性じゅもんダメージ+7% スキルHP回復効果+5% 魅了耐性+5%
クイーンモーモン		75	78	30	23	13	47	19	28	62	緑	コスト+4 バギ属性じゅもんダメージ+5% スキルHP回復効果+7% 転び耐性+5%
アルケミストン		42	73	24	16	85	21	54	56	62	紫	コスト+4 じゅもんダメージ+5% イオ属性じゅもんダメージ+5% ドルマ属性耐性+5%
ファイアボール	メラミ	32	45	63	18	21	24	96	59	62	青	コスト+4 メラ属性ダメージ+5％ メラ属性耐性+5％
ガメゴン		80	32	39	42	16	11	17	10	62	黄	コスト+4 スキルの体技ダメージ+7% ガード率+3% 眠り耐性+7% 転び耐性+5%
ナウマンボーグ		78	78	37	41	26	59	39	35	62	緑	コスト+4 スキルHP回復効果+10% バギ属性じゅもんダメージ+10% 混乱耐性+20%
デスピサロ		39	78	37	21	39	88	16	35	62	緑	コスト+4 バギ属性じゅもんダメージ+10% スキルHP回復効果+10% ヒャド属性耐性+10% 封印耐性+10%
プリーストナイト		29	57	27	15	29	65	12	26	62	緑	コスト+4 ドルマ属性耐性+5%
じごくのもんばん		58	41	34	33	20	22	59	45	62	青	コスト+4 毒耐性+5％
おひなさまスライム		34	81	27	15	78	30	30	72	62	紫	コスト+4 じゅもんダメージ+3% ヒャド属性じゅもんダメージ+7% イオ属性じゅもんダメージ+7% デイン属性耐性+7% 防御減耐性+7%
イエティ		29	41	57	16	19	21	87	53	60	青	コスト+4 ヒャド属性耐性+3%
たまねぎマン		51	51	24	27	17	39	26	23	60	緑	コスト+4
ハンターフライ	ピオリム	49	59	19	25	38	14	36	35	59	紫	コスト+4
マジカルハット	マホトーン	52	63	21	27	41	15	39	37	57	紫	コスト+4
しびれだんびら		63	25	31	33	12	9	13	8	57	黄	コスト+4
ひとつめピエロ	メラミ	40	69	22	15	79	19	51	53	57	紫	コスト+4 じゅもんダメージ+5% ターン開始時MPを4回復する 転び耐性+5%
ベビル	イオラ	79	82	31	24	13	49	20	29	57	緑	コスト+4 スキルHP回復効果+7% イオ属性じゅもんダメージ+10% イオ属性耐性+7% 混乱耐性+7%
マドハンド		50	35	29	28	17	18	51	39	57	青	コスト+4
デッドペッカー	マヌーサ	50	18	36	23	7	7	40	49	56	赤	コスト+4
ホークマン		54	19	40	25	7	7	44	54	54	赤	スキルの体技ダメージ+6％ 戦闘時のどうぐHP回復効果+9％ イオ属性耐性+10％ 転び耐性+10％
かえんムカデ		48	34	28	27	16	17	49	37	54	青	コスト+4
はぐれメタル	イオラ	65	83	22	20	43	9	29	39	54	紫	コスト+4 イオ属性じゅもんダメージ+7% 全属性耐性+10% 不利な状態変化耐性+10%
マミー		67	26	32	34	13	9	14	8	54	黄	コスト+4 ドルマ属性耐性+3%
りゅうおう	マホトーン	68	83	27	35	53	19	51	49	54	紫	コスト+4 ターン開始時MPを6回復する じゅもんダメージ+10% ドルマ属性耐性+5% 混乱耐性+10% 魅了耐性+10%
ドラゴンキッズ		25	61	20	11	58	21	23	58	54	紫	コスト+4 眠り耐性+5% ドラゴンゾンビへの耐性+10% ヘルジュラシックへの耐性+10%
メタルハンター	やいばくだき	29	20	70	13	8	8	55	85	53	赤	コスト+4 スキルの斬撃ダメージ+7%
どれいへいし	やいばくだき	59	24	29	31	11	8	12	7	53	黄	コスト+4
ケダモン		46	46	21	24	15	34	23	20	53	緑	コスト+4
ベビーニュート		46	32	26	25	15	17	47	35	51	青	コスト+4
ジャガーメイジ	マヌーサ	30	50	23	13	19	66	17	22	51	緑	コスト+4 封印耐性+3%
よろいのきし	マホトーン	50	15	63	32	15	10	8	5	51	黄	コスト+4 スキルの体技ダメージ+7% ドラゴン系へのダメージ+7% 混乱耐性+7% 即死耐性+7%
ベロニャーゴ	メラミ	42	52	16	22	33	12	32	30	50	紫	コスト+4
ダースドラゴン		62	19	23	54	12	8	6	7	50	黄	コスト+4 メラ属性耐性+5%
ガチャコッコ		62	64	23	18	10	38	15	22	48	緑	コスト+4 スキルHP回復効果+7％ 麻痺耐性+5％
キャットバット	マホトーン	45	15	32	20	6	6	36	44	48	赤	コスト+4
ひとくいばこ	ザキ	57	42	19	19	16	17	59	30	48	青	コスト+4 不利な状態変化耐性+3％
ブラウニー	きあいため	55	22	27	28	10	7	11	6	48	黄	コスト+4
どくやずきん		43	29	24	23	13	15	43	33	47	青	コスト+4
ひくいどり	メラ	60	73	23	31	47	16	45	43	47	紫	コスト+4 じゅもんダメージ+10% メラ属性じゅもんダメージ+10% メラ属性耐性+10% 即死耐性+10%
だいまどう	メラミ	42	42	19	21	13	31	21	18	47	緑	コスト+4
キングレオ		80	31	38	41	15	10	16	9	47	黄	コスト+4 スキルの斬撃・体技ダメージ+10% 会心率+5％ ギラ属性性耐+10％ ヒャド属性耐性+10％
おみくじミミック		59	23	28	30	11	8	12	7	47	黄	コスト+4 即死耐性+5％
MCカンダタ		57	39	32	31	18	20	57	44	47	青	コスト+4 スキルの体技ダメージ+7% 怪人系へのダメージ+5% 戦闘終了時にHPを20回復する
スライムタワー	メラ	41	40	18	20	13	30	20	18	45	緑	コスト+4
ごろつき		55	38	31	30	17	19	56	43	45	青	コスト+4 スキルの斬撃ダメージ+7％ ギラ属性耐性+7％ 攻撃減耐性+7％
ぐんたいガニ		57	18	21	49	11	7	6	6	45	黄	コスト+4 防御減耐性+3％
ドラキーマ	ベホイミ	38	46	14	19	29	10	28	27	44	紫	コスト+4
タップデビル		41	14	29	18	6	6	33	41	44	赤	コスト+4
ミイラ男		40	12	49	24	11	8	6	4	44	黄	コスト+4
キラーリカント	スカラ	40	28	23	22	13	14	41	31	44	青	コスト+4
ドラゴンバゲージ		49	16	35	22	8	8	39	49	44	赤	コスト+4 スキルの斬撃・体技ダメージ+7% 戦闘時のどうぐHP回復効果+15% ギラ属性耐性+7% 幻惑耐性+5%
さまようよろい		49	19	23	25	9	6	9	5	42	黄	コスト+4
オーク		65	10	31	12	7	7	35	44	42	赤	コスト+4 眠り耐性+3％
はしりとかげ		51	36	29	28	15	18	53	40	42	青	コスト+4 スキルの斬撃・体技ダメージ+5% ターン開始時HP+を10回復する ギラ属性耐性+7% 毒耐性+5%
しのさそり		21	13	51	9	6	6	40	63	41	赤	コスト+4 毒耐性+5%
どくどくゾンビ		37	26	21	20	12	13	38	29	41	青	コスト+4
トンブレロ		42	54	13	13	27	6	19	25	41	紫	コスト+4 ジバリア属性耐性+3％
ドラゴンフライ	メダパニ	47	58	17	24	36	12	35	34	41	紫	コスト+4 バギ属性じゅもんダメージ+10% メラ属性じゅもんダメージ+10% 混乱耐性+7% バギ属性耐性+5%
ヘルビースト		27	38	52	15	17	18	83	50	39	青	コスト+4 スキルの斬撃・体技ダメージ+10% 毒耐性+10% 眠り耐性+10%
がいこつ		37	12	26	16	5	5	30	37	39	赤	コスト+4
ギズモ		44	44	20	22	12	32	21	20	39	緑	コスト+4
ベビーサタン	イオ	26	46	14	10	52	11	34	35	39	紫	コスト+4 メラ属性耐性+3％
スライムナイト	かぶとわり	55	21	26	27	10	7	10	6	39	黄	コスト+4 スキルの斬撃ダメージ+7％ すばやさ減耐性+5％
ともしびこぞう	メラ	45	56	16	23	35	12	34	33	39	紫	コスト+4 メラ属性じゅもんダメージ+10％ ヒャド属性じゅもんダメージ+10％ 封印耐性+7％ 幻惑耐性+7％
ゴーレム		55	17	39	24	8	8	44	55	39	赤	コスト+4 スキルの斬撃・体技ダメージ+10% デイン属性とくぎダメージ+10% メラ属性耐性+10% 毒耐性+10%
ストーンマン	きあいため	46	17	22	23	8	6	9	4	39	黄	コスト+4
テラノライナー		55	21	26	27	10	8	11	6	39	黄	コスト+4 スキルの斬撃・体技ダメージ+7% ドラゴン系へのダメージ+4％ ヒャド属性耐性+7％ 麻痺耐性+5％
つかいま		17	42	12	7	39	13	16	37	39	紫	コスト+4
ヘルボックル	ベホイミ	33	41	12	17	26	9	25	24	38	紫	コスト+4
キースドラゴン		23	41	12	9	46	10	30	30	38	紫	コスト+4
ポイズンリザード		35	11	24	15	5	5	27	35	36	赤	コスト+4
タホドラキー	ルカニ	22	36	16	9	13	48	13	16	36	緑	コスト+4 転び耐性+3％
リカントマムル	マホトーン	38	28	13	12	10	11	40	20	35	青	コスト+4
どくいもむし		32	32	14	15	10	24	15	14	35	緑	コスト+4
しびれくらげ		41	15	20	20	7	5	8	4	35	黄	コスト+4
ベビーマジシャン	ヒャド	44	56	13	13	28	6	19	26	35	紫	コスト+4 じゅもんダメージ+5% 転び耐性+5%
デザートゴースト	きあいため	42	13	30	18	6	6	34	43	33	赤	コスト+4 スキルの斬撃ダメージ+7% 会心率+4% メラ属性耐性+7% 即死耐性+7%
スマイルロック	きあいため	44	13	15	36	8	5	5	4	33	黄	コスト+4 即死耐性+3%
スカルガルー	メダパニ	31	21	17	16	9	10	32	24	33	青	コスト+4
ドロルメイジ	マホトーン	32	39	11	16	25	8	24	23	33	紫	コスト+4 ドルマ属性耐性+5％
キメラ		28	35	10	14	21	7	21	20	32	紫	コスト+4
グレムリン	ベホイミ	44	44	19	21	12	32	21	19	32	緑	コスト+4 じゅもんダメージ+5% スキルHP回復効果+10% メラ属性耐性+10% 転び耐性+10%
とげこんぼう		29	9	35	18	8	5	5	4	32	黄	コスト+4 マシン系へのダメージ+7％ ゾンビ系へのダメージ+7％ 毒耐性+5％
ドラゴン		44	44	19	21	12	32	21	19	32	緑	コスト+4 スキルHP+回復効果+10％ ターン開始時HPを6回復する 封印耐性+10% 怯え耐性+10%
スウィートバッグ		42	30	14	13	10	12	44	22	32	青	コスト+4 スキルの斬撃ダメージ+5% 即死耐性+5%
ミケまどう	メラ	40	52	12	12	25	6	18	24	32	紫	コスト+4 じゅもんダメージ+5% ターン開始時MPを3回復する 封印耐性+5%
ツンドラキー	ヒャド	18	24	33	9	10	12	55	33	32	青	コスト+4 スキルの斬撃ダメージ+7% ジバリア属性ダメージ+5% 眠り耐性+5%
マーブルン	メラミ	42	44	15	12	6	26	10	15	32	緑	コスト+4 スキルHP回復効果+7% ターン開始時HPを7回復する 全属性耐性+5%
チョコヌーバ	ジバリア	45	13	16	37	8	5	4	5	32	黄	コスト+4 スキルの体技ダメージ+7% メラ属性とくぎダメージ+5% 幻惑耐性+5%
メーダプリンス		21	35	15	9	12	46	12	15	32	緑	コスト+4 ターン開始時HP+を7回復する ターン開始時MP+を4回復する 麻痺耐性+5%
のろいの岩		40	52	12	12	25	6	18	24	32	紫	コスト+4 ギラ属性ダメージ+7% 悪魔系へのダメージ+7% 即死耐性+5%
キラーピッケル	きあいため	29	9	35	18	8	5	5	3	32	黄	コスト+4 スキルの体技ダメージ+7% ガード率+2% 麻痺耐性+5%
おおくちばし		18	11	41	8	6	6	33	53	30	赤	コスト+4 スキルの体技ダメージ+7% すばやさ減耐性+5%
ドロヌーバ		28	28	12	13	8	20	13	12	30	緑	コスト+4
ひとくいサーベル		36	13	17	18	6	4	7	5	30	黄	コスト+4
プリズニャン	ヒャド	31	22	17	16	9	10	32	24	30	青	コスト+4 ヒャド属性耐性+3%
さくらこぞう		29	36	10	14	22	7	22	21	30	紫	コスト+4 封印耐性+5%
メタルブラザーズ	メラ	32	31	14	15	9	23	15	14	29	緑	コスト+4 スキルHP回復効果+7% 全属性耐性+10% 不利な状態変化耐性+10%
キラービー	アサシンアタック	27	9	20	11	4	4	22	28	29	赤	コスト+4
リカント		27	9	20	11	4	4	22	28	29	赤	コスト+4
デンデン竜		33	10	23	14	7	7	26	34	29	赤	コスト+4 スキルの斬撃・体技ダメージ+7% 戦闘時のどうぐHP回復効果+15% メラ属性耐性+7% 眠り耐性+5%
アルミラージ	ラリホー	26	18	15	13	8	8	27	20	27	青	コスト+4
スライムつむり	ヒャド	27	33	9	13	20	7	20	19	27	紫	コスト+4 ヒャド属性耐性+3%
スノーモン		20	33	14	8	11	43	12	14	27	緑	コスト+4 スキルHP回復効果+7% 戦闘時のどうぐHP回復効果+10% ギラ属性耐性+7% ヒャド属性耐性7%
コドラ	ピオリム	34	23	19	18	10	11	36	27	27	青	コスト+5 スキルの斬撃・体技ダメージ+5% ガード率+3% 毒耐性+7% メラ属性耐性+5%
みならいあくま	メラ	23	28	8	11	17	6	17	16	26	紫	コスト+4
くさった死体		31	11	14	15	5	3	7	4	26	黄	コスト+4
ビッグハット		34	36	12	10	6	21	9	12	26	緑	コスト+4 スキルHP回復効果+7% 封印耐性+5%
リザードフライ	ギラ	31	38	10	14	23	7	23	22	26	紫	コスト+4 バギ属性じゅもんダメージ+10% ギラ属性じゅもんダメージ+10% ギラ属性耐性+7% バギ属性耐性+5%
ドルイド	バギ	23	40	11	8	43	8	29	30	24	紫	コスト+4 じゅもんダメージ+10% 幻惑耐性+10% 吸収耐性+10%
ホイミスライム	ホイミ	23	22	10	11	7	17	11	10	24	緑	コスト+4
モコモコじゅう		38	7	18	7	4	4	21	26	24	赤	コスト+4 防御減耐性+3%
トロル		44	15	20	21	8	5	8	4	24	黄	コスト+4 スキルの斬撃・体技ダメージ+10％ 会心率+5％ ジバリア属性耐性+10％ 即死耐性+10％
てつのさそり		29	10	14	14	5	3	5	3	24	黄	コスト+4 ヒャド属性耐性+3％
ダッシュラン		35	12	16	17	7	6	6	5	24	黄	コスト+4 バギ属性ダメージ+7％ ドラゴン系へのダメージ+4％ ヒャド属性耐性+7% 毒耐性+5％
キラースコップ	きあいため	22	7	16	9	4	4	18	22	23	赤	コスト+4
あばれこまいぬ	きあいため	34	12	15	16	6	4	6	3	21	黄	コスト+4 スキルの斬撃ダメージ+7% メラ属性とくぎダメージ+10% イオ属性耐性+7% 幻惑耐性+7%
どろにんぎょう		22	22	9	10	7	16	10	9	21	緑	コスト+4 転び耐性+3%
ねこまどう	メラ	19	23	6	9	14	5	15	13	21	紫	コスト+4
しのどれい		26	9	12	12	5	3	5	4	21	黄	コスト+4
わらいぶくろ	マヌーサ	28	20	9	9	7	8	30	15	21	青	コスト+4 踊り耐性+5%
キャットフライ	マホトーン	18	18	8	9	6	14	9	8	20	緑	コスト+4
まどうし	ラリホー	20	20	8	10	6	15	10	9	20	緑	コスト+4 眠り耐性+5％
キャタピラー		16	6	18	9	4	3	4	2	18	黄	コスト+4 毒耐性+3%
メタルスライム	メラ	26	8	10	21	5	3	4	3	18	黄	コスト+4 メラ属性とくぎダメージ+7% 全属性耐性+10% 不利な状態変化耐性+10%
おおきづち		17	6	12	7	3	3	14	18	18	赤	コスト+4
オニオーン		15	19	5	7	12	5	11	11	17	紫	コスト+4
ぶちスライム		16	11	9	8	4	5	16	12	17	青	コスト+4
メタッピー		24	9	11	12	4	3	5	3	17	黄	コスト+4 スキルの体技ダメージ+7% 毒耐性+5%
メラリザード	メラ	24	7	16	10	4	4	19	24	17	赤	コスト+4 スキルの斬撃・体技ダメージ+10% メラ属性とくぎダメージ+10% メラ属性耐性+10% ギラ属性耐性+10%
もみじこぞう		18	19	7	9	5	13	9	8	17	緑	コスト+4 バギ属性じゅもんダメージ+5% スキルHP回復効果+7% 麻痺耐性+5%
スライムかがみもち		8	19	5	3	17	5	7	16	17	紫	コスト+4
どくろあらい	かぶとわり	18	7	9	9	3	2	4	3	15	黄	コスト+4
おばけキャンドル	メラ	15	19	5	7	11	4	11	11	15	紫	コスト+4 メラ属性耐性+3%
あやしいかげ		19	13	11	10	6	6	20	15	15	青	コスト+4 スキルの体技ダメージ+10% 全属性耐性+7%
ドロル	ボミエ	14	10	8	7	4	5	15	11	15	青	コスト+4
メーダ		13	13	6	7	4	10	6	6	14	緑	コスト+4
さそりばち		8	5	15	5	2	2	12	19	12	赤	コスト+4 転び耐性+3%
メラゴースト	メラ	12	15	4	5	17	4	11	12	12	紫	コスト+4 メラ属性じゅもんダメージ+5% メラ属性耐性+5%
いっかくウサギ	きあいため	15	6	7	8	3	2	4	3	12	黄	コスト+4
プチアーノン		11	9	6	6	3	4	12	9	12	青	コスト+4
ファーラット		11	4	7	5	2	2	8	10	11	赤	コスト+4
おおさそり		10	4	7	5	3	3	8	10	11	赤	コスト+4
記念大王スライム		10	10	10	10	10	10	10	10	10	青	コスト+4
バブルスライム		9	7	5	5	3	3	9	7	9	青	コスト+4
びっくりサタン		11	8	5	5	3	3	12	6	9	青	コスト+4 毒耐性+3%
きりかぶこぞう	ルカニ	13	16	4	5	8	2	6	7	9	紫	コスト+4 ヒャド属性じゅもんダメージ+10% バギ属性じゅもんダメージ+10% 転び耐性+7% 縛り耐性+7%
ゴースト		7	8	3	5	3	6	3	3	8	緑	コスト+4
いたずらもぐら	きあいため	9	4	5	6	2	1	3	2	8	黄	コスト+4
リリパット	スカラ	12	4	7	2	1	1	8	8	8	赤	コスト+4 スキルの体技ダメージ+7% 怯え耐性+5%
モーモン		6	7	2	4	6	2	5	5	6	紫	コスト+4
しましまキャット		5	6	2	3	4	9	4	4	6	緑	コスト+4 封印耐性+3%
まほうつかい	ギラ	7	8	3	3	4	2	3	4	6	紫	コスト+4
スライムベス		5	3	5	3	1	1	4	5	5	赤	コスト+4
ドラキー		3	5	3	3	3	5	3	2	3	緑	コスト+4
スライム		4	3	3	3	1	1	3	2	3	黄	コスト+4
