item,order,type,rarity
"サマーメモリー",226,"ぶき",5
"どうの大剣",225,"ぶき",4
"やみのころもの黒炎",224,"ぶき",5
"ラーミアのムチ",223,"ぶき",5
"まじんのオノ",222,"ぶき",5
"ゾンビキラー",221,"ぶき",5
"闇はらう光の大剣",220,"ぶき",5
"名もなき大剣",219,"ぶき",5
"はかいのことわり",218,"ぶき",5
"竜の女王のツメ",217,"ぶき",5
"世界樹の天杖【刻】",216,"ぶき",5
"ドランゴの闘斧",215,"ぶき",5
"らいめいのけん",214,"ぶき",5
"テリーの剣",213,"ぶき",5
"しんぴの水晶",212,"ぶき",5
"小悪魔セティアのロッド",211,"ぶき",5
"ブレアの炎槍",210,"ぶき",5
"天使の断頭台",209,"ぶき",5
"はかいのてっきゅう",208,"ぶき",5
"ほうきスピア",207,"ぶき",4
"魔力の宝剣",206,"ぶき",5
"ゴールデンクレイモア",205,"ぶき",5
"ファンタハンマー",204,"ぶき",4
"飛天の書",203,"ぶき",5
"傘ブレード",202,"ぶき",4
"えいゆうのやり",201,"ぶき",5
"万点棒の大剣",200,"ぶき",4
"千点棒の剣",199,"ぶき",4
"百点棒の剣",198,"ぶき",4
"闇竜のキバ",197,"ぶき",5
"さばきのこん",196,"ぶき",5
"ぎんがのつるぎ",195,"ぶき",5
"妖精の円月輪",194,"ぶき",5
"大太刀・立葵",193,"ぶき",5
"マグロバスター",192,"ぶき",4
"みわくのリボン",191,"ぶき",5
"幻魔王のツメ",190,"ぶき",5
"カルベロビュート",189,"ぶき",5
"エンジェルロッド",188,"ぶき",5
"ラミアスのつるぎ",187,"ぶき",5
"オーロラの杖",186,"ぶき",5
"スラリン・ギア",185,"ぶき",5
"げっかびじん",184,"ぶき",5
"世界樹の氷杖【魔】",183,"ぶき",5
"獄炎の大剣",182,"ぶき",5
"魔剣士の片手剣",181,"ぶき",5
"絶美なる妖鞭",180,"ぶき",5
"ぷにぷに肉球ロッド",179,"ぶき",5
"KM2式破壊機爪",178,"ぶき",5
"忍刀・朧",177,"ぶき",5
"ウロボロスのつえ",176,"ぶき",5
"真魔剛竜剣",175,"ぶき",5
"鎧の魔槍",174,"ぶき",5
"まじんのかなづち",173,"ぶき",5
"コカ・コーラハンマー",172,"ぶき",4
"クリフトのやり",171,"ぶき",5
"クリフトの聖杖",170,"ぶき",5
"じごくの魔鏡",169,"ぶき",5
"武神の剛拳",168,"ぶき",5
"金のスライムハンマー",167,"ぶき",5
"メタルキングの剣",166,"ぶき",5
"金のラダトームのつるぎ",165,"ぶき",4
"光創神のつえ",164,"ぶき",5
"冥王の大鎌",163,"ぶき",5
"グランゼドーラの剣",162,"ぶき",5
"さとりのしょ",161,"ぶき",5
"神鳥の杖",160,"ぶき",5
"ふしぎなタンバリン",159,"ぶき",5
"竜神王のつるぎ",158,"ぶき",5
"闇の覇者の魔杖",157,"ぶき",5
"ひかりのつえ",156,"ぶき",5
"ライトニングダガー",155,"ぶき",5
"ルビスのやり",154,"ぶき",5
"ミリオンダガー",153,"ぶき",5
"ドラゴンキラー",152,"ぶき",5
"三色団子ステッキ",151,"ぶき",4
"百獣の暗黒鞭",150,"ぶき",5
"オルテガのオノ",149,"ぶき",4
"くさなぎのけん",148,"ぶき",5
"封竜の神楽鈴",147,"ぶき",5
"守護神の戦笛",146,"ぶき",5
"封印されし大賢者",145,"ぶき",5
"エンシェントククリ",144,"ぶき",4
"きせきのつるぎ",143,"ぶき",5
"世界樹の天鞭【聖】",142,"ぶき",5
"じげんりゅうの闘扇",141,"ぶき",5
"星降りの霊杖",140,"ぶき",5
"はおうのオノ",139,"ぶき",5
"エペ剣",138,"ぶき",4
"マスタードラゴンのやり",137,"ぶき",5
"ストロスのつえ",136,"ぶき",5
"マグマのつえ",135,"ぶき",5
"グリンガムのムチ",134,"ぶき",5
"パパスの剣",133,"ぶき",4
"ドラゴンのつえ",132,"ぶき",5
"ガルーダウィング",131,"ぶき",5
"閃光烈火のツメ",130,"ぶき",5
"ダンシングロッド",129,"ぶき",5
"真夏のそろばん",128,"ぶき",4
"フロストスティンガー",127,"ぶき",5
"いなずまの剣",126,"ぶき",5
"はかいのつるぎ",125,"ぶき",5
"いかずちのつえ",124,"ぶき",5
"ルビスの剣",123,"ぶき",5
"はやぶさの剣",122,"ぶき",5
"闇の覇者の竜鞭",121,"ぶき",5
"世界樹の天槍【紅】",120,"ぶき",5
"天魔王のつえ",119,"ぶき",5
"聖風のつえ",118,"ぶき",5
"オチェアーノの剣",117,"ぶき",5
"キーファの剣",116,"ぶき",5
"クレセントムーン",115,"ぶき",5
"ストームアンカー",114,"ぶき",5
"プチアノタクト",113,"ぶき",4
"炎獅子のツメ",112,"ぶき",5
"インフェルノワンド",111,"ぶき",5
"はぐれメタルの剣",110,"ぶき",5
"鎧の魔剣",109,"ぶき",5
"ハンマースピア",108,"ぶき",5
"真空の斧",107,"ぶき",5
"マジカルブースター",106,"ぶき",5
"パプニカのナイフ",105,"ぶき",5
"卓球ラケット",104,"ぶき",4
"トワイライトブルーム",103,"ぶき",5
"ナイトメアチェーン",102,"ぶき",5
"スーパーノヴァ",101,"ぶき",5
"霊獣のつえ",100,"ぶき",5
"世界樹のつるぎ",99,"ぶき",5
"ほのおのつるぎ",98,"ぶき",5
"魔狼牙",97,"ぶき",5
"プラチナウィング",96,"ぶき",5
"王家のレイピア",95,"ぶき",5
"夏祭りのうちわ",94,"ぶき",4
"ガイアのつるぎ",93,"ぶき",5
"バトルフォーク",92,"ぶき",4
"蒼竜のやり",91,"ぶき",5
"ギガンテスの棍棒",90,"ぶき",4
"スイカブーメラン",89,"ぶき",5
"オーシャンウィップ",88,"ぶき",5
"黒嵐のツメ",87,"ぶき",5
"ほのおのつえ",86,"ぶき",4
"聖女のこん",85,"ぶき",5
"聖盾騎士のオノ",84,"ぶき",5
"バスターウィップ",83,"ぶき",4
"バロックエッジ",82,"ぶき",5
"ラーミアの杖",81,"ぶき",5
"カンダタトマホーク",80,"ぶき",5
"王者の剣",79,"ぶき",5
"アリアハンの剣",78,"ぶき",5
"ボルケーノウィップ",77,"ぶき",5
"さとりのつえ",76,"ぶき",5
"冥獣のツメ",75,"ぶき",5
"あくまのムチ",74,"ぶき",4
"常闇のやり",73,"ぶき",5
"メタスラのオノ",72,"ぶき",5
"メタルウィング",71,"ぶき",5
"たつじんのオノ",70,"ぶき",4
"書聖のつえ",69,"ぶき",5
"デスピサロの牙",68,"ぶき",5
"ロザリーのつえ",67,"ぶき",5
"天空のつるぎ",66,"ぶき",5
"導かれし勇者の剣",65,"ぶき",4
"ドラゴンロッド",64,"ぶき",5
"ドラゴンブーメラン",63,"ぶき",5
"黄竜のツメ",62,"ぶき",5
"コドラウィップ",61,"ぶき",4
"りゅうおうのつえ",60,"ぶき",5
"ロトのつるぎ",59,"ぶき",5
"ラダトームのつるぎ",58,"ぶき",4
"やしゃのこん",57,"ぶき",5
"グレートアックス",56,"ぶき",5
"クリスタルクロー",55,"ぶき",5
"メタスラのやり",54,"ぶき",5
"らいじんのやり",53,"ぶき",5
"ゴシックパラソル",52,"ぶき",5
"ひかりのタクト",51,"ぶき",5
"メタスラの剣",50,"ぶき",5
"名刀斬鉄丸",49,"ぶき",5
"キラーピアス",48,"ぶき",5
"まどろみのこん",47,"ぶき",4
"らせつのこん",46,"ぶき",4
"レックスのオノ",45,"ぶき",4
"キングアックス",44,"ぶき",4
"黒ヒョウのツメ",43,"ぶき",4
"あくまのツメ",42,"ぶき",4
"シルバークロー",41,"ぶき",4
"ツインスワロー",40,"ぶき",4
"マジックチャクラム",39,"ぶき",4
"パイソンウィップ",38,"ぶき",4
"スコーピオンテイル",37,"ぶき",4
"パルチザン",36,"ぶき",4
"セラフィムのやり",35,"ぶき",4
"ユグドラシル",34,"ぶき",4
"ペロリンステッキ",33,"ぶき",4
"スターリーステッキ",32,"ぶき",4
"ツインクルタクト",31,"ぶき",4
"破天のサーベル",30,"ぶき",4
"戦士の剣",29,"ぶき",4
"ぎんのレイピア",28,"ぶき",4
"よるのパピヨン",27,"ぶき",4
"ソードブレイカー",26,"ぶき",4
"ぎんの短剣",25,"ぶき",4
"えんぶのこん",24,"ぶき",3
"セレモニーロッド",23,"ぶき",3
"ライトアックス",22,"ぶき",3
"バトルアックス",21,"ぶき",3
"こあくまネイル",20,"ぶき",3
"はがねのツメ",19,"ぶき",3
"はがねのブーメラン",18,"ぶき",3
"ニンジャカッター",17,"ぶき",3
"ローズウィップ",16,"ぶき",3
"はがねのムチ",15,"ぶき",3
"サタンフォーク",14,"ぶき",3
"はがねのやり",13,"ぶき",3
"ラブリースティック",12,"ぶき",3
"マジカルスティック",11,"ぶき",3
"バスタードソード",10,"ぶき",3
"さんぞくのサーベル",9,"ぶき",3
"くない",8,"ぶき",3
"イーグルダガー",7,"ぶき",3
"ぎょうじゃのこん",6,"ぶき",2
"せいどうのツメ",5,"ぶき",2
"くさりがま",4,"ぶき",2
"シーブスナイフ",3,"ぶき",2
"ピンスティック",2,"ぶき",1
"ひのきのぼう",1,"ぶき",1
"セラフィの麦わら帽",984,"あたま",5
"あぶない水着'24上",983,"からだ上",5
"あぶない水着'24下",982,"からだ下",5
"黄色いにわかなお面",981,"あたま",4
"にわかなお面",980,"あたま",4
"セラフィアンクレット",979,"アクセサリ",4
"闇の大魔王の滅角",978,"あたま",5
"闇の大魔王のローブ上",977,"からだ上",5
"闇の大魔王のローブ下",976,"からだ下",5
"ひかりのたま",975,"アクセサリ",5
"ラーミアの羽飾り",974,"あたま",5
"ラーミアの霊衣上",973,"からだ上",5
"ラーミアの霊衣下",972,"からだ下",5
"商人のターバン",971,"あたま",4
"商人のふく",970,"からだ上",4
"おしゃぶり",969,"アクセサリ",4
"ほのかなひかりのたま",968,"アクセサリ",4
"歴戦の戦士のかぶと",967,"あたま",5
"ちからのたて",966,"たて",5
"歴戦の戦士のよろい上",965,"からだ上",5
"歴戦の戦士のよろい下",964,"からだ下",5
"ごうけつのうでわ",963,"アクセサリ",4
"伝説の勇者のはちがね",962,"あたま",5
"伝説の勇者の盾",961,"たて",5
"伝説の勇者のころも上",960,"からだ上",5
"伝説の勇者のころも下",959,"からだ下",5
"僧侶のぼうし",958,"あたま",4
"武闘家ヘアー",957,"あたま",4
"僧侶のほうい",956,"からだ上",4
"武闘家の道着",955,"からだ上",4
"やみのたま",954,"アクセサリ",3
"降神の祭帽",953,"あたま",5
"降神のケープ上",952,"からだ上",5
"降神のケープ下",951,"からだ下",5
"竜の女王のブローチ",950,"アクセサリ",4
"竜の女王のティアラ",949,"あたま",5
"竜の女王のドレス上",948,"からだ上",5
"竜の女王のドレス下",947,"からだ下",5
"世界樹の官帽【刻】",946,"あたま",5
"世界樹の外套上【刻】",945,"からだ上",5
"世界樹の外套下【刻】",944,"からだ下",5
"勇気のテイテツ",943,"アクセサリ",4
"デスタムーアヘッド",942,"あたま",4
"サングラス（黒）",941,"あたま",4
"サングラス（ハート）",940,"あたま",4
"くじニャーゴの帽子",939,"あたま",4
"くじニャーゴのふく上",938,"からだ上",4
"馬のきぐるみ",937,"からだ下",4
"くじニャーゴのふく下",936,"からだ下",4
"闘竜の戦兜",935,"あたま",5
"闘竜の戦鎧上",934,"からだ上",5
"闘竜の戦鎧下",933,"からだ下",5
"さすらいの剣士の帽子",932,"あたま",5
"さすらいの剣士の服上",931,"からだ上",5
"さすらいの剣士の服下",930,"からだ下",5
"馬のかぶりもの",929,"あたま",4
"ジャミヘッド",928,"あたま",4
"ミネアのヘアチェーン",927,"あたま",5
"フォーチュンドレス上",926,"からだ上",5
"フォーチュンドレス下",925,"からだ下",5
"セティアコサージュ",924,"あたま",5
"セティアドレス上",923,"からだ上",5
"セティアドレス下",922,"からだ下",5
"ほのおのルビー+",921,"アクセサリ",5
"ゾンビのオーブ++",920,"アクセサリ",5
"ガラスのくつ",919,"アクセサリ",4
"ゾンビのオーブ+",918,"アクセサリ",4
"ゾンビのオーブ",917,"アクセサリ",3
"ブレアのかぶと",916,"あたま",5
"ブレアのよろい上",915,"からだ上",5
"ブレアのよろい下",914,"からだ下",5
"煉獄の盾",913,"たて",5
"箱舟の運転士の服",912,"からだ上",4
"箱舟の運転士の帽子",911,"あたま",4
"白百合の髪飾り",910,"あたま",5
"エクセキュートドレス上",909,"からだ上",5
"エクセキュートドレス下",908,"からだ下",5
"エッチな本",907,"アクセサリ",4
"ホミスラパンツ",906,"からだ下",4
"ドラゴンの戦角",905,"あたま",5
"ドラゴンの暴翼",904,"からだ上",5
"ドラゴンの闘尾",903,"からだ下",5
"雪だるまヘッド",902,"あたま",4
"雪だるまボディ",901,"からだ上",4
"ピサロの指輪",900,"アクセサリ",4
"魔族の王子ピサロヘアー",899,"あたま",5
"魔族の王子ピサロの服上",898,"からだ上",5
"魔族の王子ピサロの服下",897,"からだ下",5
"エルフのロザリーヘアー",896,"あたま",4
"エルフのロザリーの服",895,"からだ上",4
"ゴールデンサークレット",894,"あたま",5
"ゴールデンアーマー上",893,"からだ上",5
"ゴールデンアーマー下",892,"からだ下",5
"わた帽",891,"あたま",4
"小さな翼",890,"アクセサリ",5
"コカ・コーラTシャツ(白)",889,"からだ上",4
"ファンタTシャツ",888,"からだ上",4
"GEORGIA Tシャツ",887,"からだ上",4
"ファンタの着ぐるみ",886,"からだ下",4
"Coke ONピアス",885,"アクセサリ",4
"ジョージアのベルト",884,"アクセサリ",3
"大空の鳥帽子",883,"あたま",5
"大空の狩衣上",882,"からだ上",5
"大空の狩衣下",881,"からだ下",5
"カエルフード",880,"あたま",4
"カエルジャンパー",879,"からだ上",4
"カエルパンツ",878,"からだ下",4
"しんぱんのかぶと",877,"あたま",5
"天地の大盾",876,"たて",5
"しんわのよろい",875,"からだ上",5
"てんていのブーツ",874,"からだ下",5
"プレイコインの盾",873,"たて",4
"星空のくびかざり",872,"アクセサリ",4
"魔氷のイヤリング+",871,"アクセサリ",5
"大盗賊のアミュレット+",870,"アクセサリ",5
"闇竜のかぶと",869,"あたま",5
"闇竜のよろい上",868,"からだ上",5
"闇竜のよろい下",867,"からだ下",5
"せかいのはんぶんT",866,"からだ上",4
"せかいのはんぶん×2T",865,"からだ上",4
"天使のわっか",864,"あたま",5
"天界のころも上",863,"からだ上",5
"天界のころも下",862,"からだ下",5
"リッカのおまもり",861,"アクセサリ",4
"竜戦士のかぶと",860,"あたま",5
"ウロボロスのたて",859,"たて",5
"竜戦士のよろい上",858,"からだ上",5
"竜戦士のよろい下",857,"からだ下",5
"女神の果実のかぶりもの",856,"あたま",4
"エルシオン学院制服",855,"からだ上",4
"エルシオン学院制服(茶)",853,"からだ上",4
"記念大王の指輪4th",851,"アクセサリ",4
"ナインヘアー",850,"あたま",4
"ナインの服",849,"からだ上",4
"エルシィの眼鏡",848,"あたま",5
"エルシィのジャケット",847,"からだ上",5
"エルシィのブーツ",846,"からだ下",5
"カジノ大王ヘッド",845,"あたま",4
"祝！4周年キャップ",844,"あたま",4
"キラーゾーンTシャツ",843,"からだ上",4
"国士無双Tシャツ",842,"からだ上",4
"アドこころTシャツ",841,"からだ上",4
"ショーマンの蝶ネクタイ",840,"アクセサリ",4
"にじのしずく+",839,"アクセサリ",5
"ドラゴンのオーブ++",838,"アクセサリ",5
"ドラゴンのオーブ+",837,"アクセサリ",4
"ドラゴンのオーブ",836,"アクセサリ",3
"渚の勇者姫ヘアー",835,"あたま",5
"渚の勇者姫水着上",834,"からだ上",5
"渚の勇者姫水着下",833,"からだ下",5
"お花のパーカー水着下",832,"からだ下",4
"ヤスのお面",831,"あたま",4
"ヤスのスーツ",830,"からだ上",4
"ちょうちょのあざ",829,"からだ上",4
"ゼシカの髪留",828,"あたま",5
"あぶない水着'23上",827,"からだ上",5
"あぶない水着'23下",826,"からだ下",5
"お花のパーカー水着上",825,"からだ上",4
"ビーナスのなみだ",824,"アクセサリ",4
"幻魔王の兜",823,"あたま",5
"幻魔王の鎧上",822,"からだ上",5
"幻魔王の鎧下",821,"からだ下",5
"大魔女バーバラの髪留",820,"あたま",5
"大魔女バーバラの服上",819,"からだ上",5
"大魔女バーバラの服下",818,"からだ下",5
"ムドーヘッド",817,"あたま",4
"ジャミラスヘッド",816,"あたま",4
"グラコスヘッド",815,"あたま",4
"デュランヘッド",814,"あたま",4
"デセオのパス",813,"アクセサリ",4
"天使のティアラ",812,"あたま",5
"天使のレオタード上",811,"からだ上",5
"天使のレオタード下",810,"からだ下",5
"ミレーユヘアー",809,"あたま",4
"ミレーユの服",808,"からだ上",4
"セバスのかぶと",807,"あたま",5
"スフィーダのたて",806,"たて",5
"オルゴーのよろい上",805,"からだ上",5
"オルゴーのよろい下",804,"からだ下",5
"イーグルスヘッド",803,"あたま",4
"レックヘアー",802,"あたま",4
"ハッサンヘアー",801,"あたま",4
"レックの服",800,"からだ上",4
"ハッサンの服",799,"からだ上",4
"マーメイドハープ",798,"アクセサリ",4
"バッファローズヘッド",797,"あたま",4
"ファイターズヘッド",796,"あたま",4
"ライオンズヘッド",795,"あたま",4
"ホークスヘッド",794,"あたま",4
"マリーンズヘッド",793,"あたま",4
"大地のエルフの霊帽",792,"あたま",5
"大地のエルフの霊装上",791,"からだ上",5
"大地のエルフの霊装下",790,"からだ下",5
"紅蓮の竜玉+",789,"アクセサリ",5
"スライムのオーブ++",788,"アクセサリ",5
"スライムのオーブ+",787,"アクセサリ",4
"スライムのオーブ",786,"アクセサリ",3
"勇車のキャスケット",785,"あたま",5
"勇車のジャケット",784,"からだ上",5
"勇車のスカート",783,"からだ下",5
"魚の帽子【銀】",782,"あたま",4
"魚の帽子",781,"あたま",4
"ライオンの被り物",780,"あたま",4
"スラいいね！の勲章",779,"アクセサリ",4
"魔導将軍のゆびわ+",778,"アクセサリ",5
"ゲルダの華かんざし",777,"あたま",5
"げっかのころも上",776,"からだ上",5
"げっかのころも下",775,"からだ下",5
"ココメルペンダント+",774,"アクセサリ",5
"ヤンガスヘッド",773,"あたま",4
"大盗賊のアミュレット",772,"アクセサリ",4
"世界樹のベール【魔】",771,"あたま",5
"世界樹のローブ上【魔】",770,"からだ上",5
"世界樹のローブ下【魔】",769,"からだ下",5
"くじけぬこころ",768,"アクセサリ",4
"さくらのネックレス",767,"アクセサリ",3
"デスピサロヘッド",766,"あたま",4
"魔剣士ピサロのバンダナ",765,"あたま",5
"魔剣士ピサロのコート上",764,"からだ上",5
"魔剣士ピサロのコート下",763,"からだ下",5
"清きハートのピアス",762,"アクセサリ",3
"妖魔の艶髪",761,"あたま",5
"妖魔のボンテージ上",760,"からだ上",5
"妖魔のボンテージ下",759,"からだ下",5
"セラフィゴーグル",758,"あたま",5
"セラフィの服上",757,"からだ上",5
"セラフィの服下",756,"からだ下",5
"チョメのうでわ",755,"アクセサリ",4
"KM2式操縦士フード",754,"あたま",5
"KM2式操縦士コート上",753,"からだ上",5
"KM2式操縦士コート下",752,"からだ下",5
"キラージャマーγ",751,"アクセサリ",4
"キラージャマーδ",750,"アクセサリ",4
"キラージャマーα",749,"アクセサリ",3
"キラージャマーβ",748,"アクセサリ",3
"忍足袋",747,"アクセサリ",3
"紫影の覆面",746,"あたま",5
"紫影の忍装束上",745,"からだ上",5
"紫影の忍装束下",744,"からだ下",5
"月影の髪飾り",743,"アクセサリ",4
"コカ・コーラの着ぐるみ",742,"からだ上",4
"紅茶花伝Tシャツ",741,"からだ上",4
"綾鷹Tシャツ",740,"からだ上",4
"アクエリアスTシャツ",739,"からだ上",4
"紅茶花伝ペンダント",738,"アクセサリ",4
"大魔道士のターバン",737,"あたま",5
"大魔道士のローブ上",736,"からだ上",5
"大魔道士のローブ下",735,"からだ下",5
"いちふじヘッド",734,"あたま",4
"にたかヘッド",733,"あたま",4
"さんなすびヘッド",732,"あたま",4
"さんなすびボディ",731,"からだ上",4
"うさぎのしっぽ",730,"アクセサリ",4
"サンタスライムヘッド",729,"あたま",4
"ドラゴンファング",728,"あたま",5
"バランの鎧上",727,"からだ上",5
"バランの鎧下",726,"からだ下",5
"鎧の魔槍(兜)",725,"あたま",5
"鎧の魔槍(鎧上)",724,"からだ上",5
"鎧の魔槍(鎧下)",723,"からだ下",5
"キルバーンヘッド",722,"あたま",4
"アバンの書",721,"アクセサリ",4
"バロンのつのぶえ",720,"アクセサリ",4
"じゃしんのめん",719,"あたま",5
"まじんのよろい上",718,"からだ上",5
"まじんのよろい下",717,"からだ下",5
"生命のオーブ",716,"アクセサリ",4
"コカ・コーラシールド",715,"たて",4
"リアルゴールドTシャツ",714,"からだ上",4
"ジョージアTシャツ",713,"からだ上",4
"コカ・コーラTシャツ",712,"からだ上",4
"い・ろ・は・すTシャツ",711,"からだ上",4
"Coke ONコラボコンパス",710,"アクセサリ",4
"い・ろ・は・すピアス",709,"アクセサリ",3
"クリフトの神官帽",708,"あたま",5
"クリフトの神官服上",707,"からだ上",5
"クリフトの神官服下",706,"からだ下",5
"炎光の勾玉+",705,"アクセサリ",5
"女神のゆびわ+",704,"アクセサリ",5
"じごくの王冠",703,"あたま",5
"じごくの法衣上",702,"からだ上",5
"じごくの法衣下",701,"からだ下",5
"武神の髪留",700,"あたま",5
"武神の道着上",699,"からだ上",5
"武神の道着下",698,"からだ下",5
"記念大王の指輪3rd",697,"アクセサリ",4
"メタルキングヘルム",696,"あたま",5
"メタルキングの盾",695,"たて",5
"メタルキングよろい上",694,"からだ上",5
"メタルキングよろい下",693,"からだ下",5
"金のラダトームのかぶと",692,"あたま",4
"りゅうおうヘッド",691,"あたま",4
"メタルキングヘッド",690,"あたま",4
"パピヨンマスク",689,"あたま",4
"ウサミミバンド",688,"あたま",4
"金のラダトームの盾",687,"たて",4
"7Tシャツ",686,"からだ上",4
"金のラダトームの鎧上",685,"からだ上",4
"バトラースーツ",684,"からだ上",4
"バニースーツ",683,"からだ上",4
"金のラダトーム鎧下",682,"からだ下",4
"チャンピオンベルト",681,"アクセサリ",4
"なかまキャップ",680,"あたま",4
"祝！3周年キャップ",679,"あたま",4
"ありがとうTシャツ",678,"からだ上",4
"いい戦いTシャツ",677,"からだ上",4
"おせっかいTシャツ",676,"からだ上",4
"ずのうめいせきTシャツ",675,"からだ上",4
"ちからじまんTシャツ",674,"からだ上",4
"むっつりすけべTシャツ",673,"からだ上",4
"紅白のちょうネクタイ",672,"アクセサリ",4
"光創神のティアラ",671,"あたま",5
"光創神の御衣上",670,"からだ上",5
"光創神の御衣下",669,"からだ下",5
"冥王の仮面",668,"あたま",5
"冥界の王装上",667,"からだ上",5
"冥界の王装下",666,"からだ下",5
"グランゼドーラの勲章",665,"アクセサリ",4
"DQⅩ10周年Tシャツ",664,"からだ上",4
"H・スライムボール",663,"アクセサリ",3
"大勇者の天冠",662,"あたま",5
"グランゼドーラの盾",661,"たて",5
"盟友の大盾",660,"たて",5
"大勇者の天衣上",659,"からだ上",5
"大勇者の天衣下",658,"からだ下",5
"エンゼルスライム帽",657,"あたま",4
"プクリポヘッド",656,"あたま",4
"ラッキーペンダント",655,"アクセサリ",3
"E・スライムボール",654,"アクセサリ",3
"ほむらのいんろう+",653,"アクセサリ",5
"黄竜眼の指輪+",652,"アクセサリ",5
"賢魔のブローチ",651,"アクセサリ",4
"B・スライムボール",650,"アクセサリ",3
"賢聖のティアラ",649,"あたま",5
"賢聖のローブ上",648,"からだ上",5
"賢聖のローブ下",647,"からだ下",5
"魔女のとんがり帽子",646,"あたま",4
"魔女のスーツ上",645,"からだ上",4
"魔女のスーツ下",644,"からだ下",4
"呪獣のつめ",643,"アクセサリ",3
"M・スライムボール",642,"アクセサリ",3
"クラン・スピネル",641,"アクセサリ",4
"しんぴのリボン",640,"あたま",5
"しんぴのビスチェ上",639,"からだ上",5
"しんぴのビスチェ下",638,"からだ下",5
"アルゴンリング",637,"アクセサリ",4
"L・スライムボール",636,"アクセサリ",3
"F・スライムボール",635,"アクセサリ",3
"カリスマ聖堂騎士の髪留",634,"あたま",5
"カリスマ聖堂騎士の服上",633,"からだ上",5
"カリスマ聖堂騎士の服下",632,"からだ下",5
"エイトのバンダナ",631,"あたま",4
"バファローズユニ",630,"からだ上",4
"マリーンズユニ",629,"からだ上",4
"イーグルスユニ",628,"からだ上",4
"ホークスユニ",627,"からだ上",4
"ファイターズユニ",626,"からだ上",4
"ライオンズユニ",625,"からだ上",4
"ホーリーハット",624,"あたま",5
"雷轟のかぶと",623,"あたま",5
"竜神の盾",622,"たて",5
"竜神の鎧上",621,"からだ上",5
"ホーリーセーラー上",620,"からだ上",5
"雷轟のよろい上",619,"からだ上",5
"竜神の鎧下",618,"からだ下",5
"ホーリーセーラー下",617,"からだ下",5
"雷轟のよろい下",616,"からだ下",5
"ゼシカヘアー",615,"あたま",4
"ドルマゲスヘッド",614,"あたま",4
"ゼシカの服",613,"からだ上",4
"ドルマゲスのローブ",612,"からだ上",4
"エイトの服",611,"からだ上",4
"トーポのお守り",610,"アクセサリ",4
"聖堂騎士団の指輪",609,"アクセサリ",3
"闇の覇者の魔角",608,"あたま",5
"闇の覇者の黒衣上",607,"からだ上",5
"闇の覇者の黒衣下",606,"からだ下",5
"ルビスの戦兜",605,"あたま",5
"ルビスの戦鎧上",604,"からだ上",5
"ルビスの戦鎧下",603,"からだ下",5
"ゴールドマンピアス",602,"アクセサリ",4
"ラダトームのブローチ",601,"アクセサリ",4
"あいのおもいで",600,"アクセサリ",4
"大海の探求者ターバン",599,"あたま",5
"大海の探求者コート上",598,"からだ上",5
"大海の探求者コート下",597,"からだ下",5
"ふなのりのほね",596,"アクセサリ",3
"ドラゴンヘルム",595,"あたま",5
"ドラゴンメイル上",594,"からだ上",5
"ドラゴンメイル下",593,"からだ下",5
"冒険の歩み",592,"アクセサリ",4
"獅子王の帽子",591,"あたま",5
"獅子王の服・上",590,"からだ上",5
"獅子王の服・下",589,"からだ下",5
"ゴーレムヘッド",588,"あたま",4
"あくま神官のマスク",587,"あたま",4
"ゴーレムボディ",586,"からだ上",4
"あくま神官のローブ",585,"からだ上",4
"まものマスターのすず",584,"アクセサリ",3
"オルテガのかぶと",583,"あたま",4
"オルテガの服上",582,"からだ上",4
"オルテガの服下",581,"からだ下",4
"くさなぎの鉢金",580,"あたま",5
"くさなぎの戦羽織",579,"からだ上",5
"くさなぎの戦袴",578,"からだ下",5
"職人のベルト",577,"アクセサリ",3
"封竜の髪飾り",576,"あたま",5
"封竜の巫女装束上",575,"からだ上",5
"封竜の巫女装束下",574,"からだ下",5
"金梅花の玉かんざし",573,"アクセサリ",4
"破邪の大魔法書の写本",572,"アクセサリ",3
"守護神の戦兜",571,"あたま",5
"守護神の戦鎧上",570,"からだ上",5
"守護神の戦鎧下",569,"からだ下",5
"英知の羽根飾り",568,"あたま",5
"英知のころも上",567,"からだ上",5
"英知のころも下",566,"からだ下",5
"破邪の大魔法書",565,"アクセサリ",4
"しんぴのかぶと",564,"あたま",5
"しんぴの盾",563,"たて",5
"しんぴのよろい上",562,"からだ上",5
"しんぴのよろい下",561,"からだ下",5
"賀正大王スライムヘッド",560,"あたま",4
"とらおとこのかぶりもの",559,"あたま",4
"とらおとこのきぐるみ",558,"からだ下",4
"きせきのイヤリング",557,"アクセサリ",4
"世界樹の白帽【聖】",556,"あたま",5
"世界樹の天衣上【聖】",555,"からだ上",5
"世界樹の天衣下【聖】",554,"からだ下",5
"トナカイかぶりもの",553,"あたま",4
"トナカイきぐるみ",552,"からだ下",4
"ぎんのロザリオ",551,"アクセサリ",4
"じげんりゅうの戦冠",550,"あたま",5
"じげんりゅうの装束上",549,"からだ上",5
"じげんりゅうの装束下",548,"からだ下",5
"バトルチョーカー",547,"アクセサリ",3
"星降りのフード",546,"あたま",5
"星降りのローブ上",545,"からだ上",5
"星降りのローブ下",544,"からだ下",5
"しっぷうのうでわ",543,"アクセサリ",4
"ふんどし・白",542,"からだ下",4
"ふんどし・赤",541,"からだ下",4
"ふんどし・金",540,"からだ下",4
"名城のキーホルダー",539,"アクセサリ",3
"DQアイランド首飾り",538,"アクセサリ",3
"怒りのタトゥー",537,"アクセサリ",4
"レイジングヘッド",536,"あたま",5
"レイジングメイル上",535,"からだ上",5
"レイジングメイル下",534,"からだ下",5
"いのちのリング",533,"アクセサリ",4
"マスタードラゴンの仮面",532,"あたま",5
"マスタードラゴンの盾",531,"たて",5
"マスタードラゴンの鎧上",530,"からだ上",5
"マスタードラゴンの鎧下",529,"からだ下",5
"イブールの本",528,"アクセサリ",4
"おうごんのティアラ",527,"あたま",5
"けんじゃのローブ上",526,"からだ上",5
"けんじゃのローブ下",525,"からだ下",5
"きぼりのめがみぞう",524,"アクセサリ",3
"天空の花嫁のベール",523,"あたま",5
"天空の花嫁のドレス上",522,"からだ上",5
"天空の花嫁のドレス下",521,"からだ下",5
"たいようのかんむり",520,"あたま",5
"たいようの盾",519,"たて",5
"おうじゃのマント上",518,"からだ上",5
"おうじゃのマント下",517,"からだ下",5
"グランターバン",516,"あたま",4
"ビアンカヘアー",515,"あたま",4
"フローラヘアー",514,"あたま",4
"デボラヘアー",513,"あたま",4
"グランバニアローブ",512,"からだ上",4
"ビアンカの服",511,"からだ上",4
"デボラワンピース",510,"からだ上",4
"ウォーカースタイルTシャツ",509,"からだ上",4
"サンタローズの宝石",508,"アクセサリ",4
"記念大王の指輪2nd",507,"アクセサリ",4
"フローラのドレス",506,"からだ上",4
"祝！2周年キャップ",505,"あたま",4
"スラミチキャップ",504,"あたま",4
"どこでもキャップ",503,"あたま",4
"ほこらキャップ",502,"あたま",3
"スペシャルキャップ",501,"あたま",3
"ガルーダヘルム",500,"あたま",5
"ガルーダメイル上",499,"からだ上",5
"ガルーダメイル下",498,"からだ下",5
"魔鳥の羽根飾り",497,"アクセサリ",4
"真夏のアリーナ帽子",496,"あたま",5
"真夏のアリーナ服上",495,"からだ上",5
"真夏のアリーナ服下",494,"からだ下",5
"王女の耳飾り",493,"アクセサリ",4
"あぶない髪飾り'21",492,"あたま",5
"あぶない水着'21上",491,"からだ上",5
"あぶない水着'21下",490,"からだ下",5
"ピンクパールリング",489,"アクセサリ",3
"フォースハット",488,"あたま",5
"フォースコート上",487,"からだ上",5
"フォースコート下",486,"からだ下",5
"魔氷のイヤリング",485,"アクセサリ",4
"織姫のかみかざり",484,"あたま",4
"彦星のえぼし",483,"あたま",4
"織姫のはごろも上",482,"からだ上",4
"彦星の装束上",481,"からだ上",4
"織姫のはごろも下",480,"からだ下",4
"彦星の装束下",479,"からだ下",4
"あくまのかぶと",478,"あたま",5
"死神の盾",477,"たて",5
"あくまのよろい上",476,"からだ上",5
"あくまのよろい下",475,"からだ下",5
"ローレシアのズボン",474,"からだ下",4
"パワーチャーム",473,"アクセサリ",3
"スライムボール",472,"アクセサリ",3
"みずの宝冠",471,"あたま",5
"水鏡の盾",470,"たて",5
"みずのはごろも上",469,"からだ上",5
"みずのはごろも下",468,"からだ下",5
"ローレシアの服",467,"からだ上",4
"邪教の教典",466,"アクセサリ",4
"ライオンズ野球帽",465,"あたま",4
"ファイターズ野球帽",464,"あたま",4
"イーグルス野球帽",463,"あたま",4
"ルビスの天冠",462,"あたま",5
"竜神の頬当て",461,"あたま",5
"ルビスの天鎧上",460,"からだ上",5
"ルビスの天鎧下",459,"からだ下",5
"ローレシアの帽子",458,"あたま",4
"サマルトリアヘアー",457,"あたま",4
"ムーンブルクフード",456,"あたま",4
"サマルトリアの服",455,"からだ上",4
"DQ35周年Tシャツ・黒",454,"からだ上",4
"いのりのゆびわ",453,"アクセサリ",4
"ムーンブルクドレス",452,"からだ上",4
"竜王の兜",451,"あたま",5
"竜王の鎧上",450,"からだ上",5
"竜王の鎧下",449,"からだ下",5
"ローラ姫のティアラ",448,"あたま",4
"DQ35周年Tシャツ",447,"からだ上",4
"ローラ姫のドレス",446,"からだ上",4
"DQ35周年記念首飾り",445,"アクセサリ",4
"にじのしずく",444,"アクセサリ",4
"竜王のうろこ",443,"アクセサリ",4
"マリーンズ野球帽",442,"あたま",4
"ホークス野球帽",441,"あたま",4
"バファローズ野球帽",440,"あたま",4
"世界樹の風切【紅】",439,"あたま",5
"世界樹の鎧上【紅】",438,"からだ上",5
"世界樹の鎧下【紅】",437,"からだ下",5
"ほしくずのピアス",436,"アクセサリ",4
"天魔王のヘルム",435,"あたま",5
"天魔王のローブ上",434,"からだ上",5
"天魔王のローブ下",433,"からだ下",5
"オルゴ・デミーラの首飾り",432,"アクセサリ",4
"黒雲のゆびわ",431,"アクセサリ",3
"聖風のかんむり",430,"あたま",5
"聖風のはごろも上",429,"からだ上",5
"聖風のはごろも下",428,"からだ下",5
"キーファヘアー",427,"あたま",4
"ねっこのうでわ",426,"アクセサリ",3
"キーファのふく下",425,"からだ下",4
"フエーゴのかぶと",424,"あたま",5
"トルナードのたて",423,"たて",5
"ガイアーラのよろい上",422,"からだ上",5
"ガイアーラのよろい下",421,"からだ下",5
"キーファのふく上",420,"からだ上",4
"水のアミュレット",419,"アクセサリ",4
"セイレーンティアラ",418,"あたま",5
"セイレーンドレス上",417,"からだ上",5
"セイレーンドレス下",416,"からだ下",5
"マリンスカート",415,"からだ下",4
"めざましリング",414,"アクセサリ",3
"マリンセーラー",413,"からだ上",4
"海賊のタトゥー",412,"アクセサリ",4
"キャプテンハット",411,"あたま",5
"キャプテンコート上",410,"からだ上",5
"キャプテンコート下",409,"からだ下",5
"マリンキャップ",408,"あたま",4
"炎獅子の額あて",407,"あたま",5
"炎獅子の装束上",406,"からだ上",5
"炎獅子の装束下",405,"からだ下",5
"氷のゆびわ",404,"アクセサリ",3
"紅蓮のティアラ",403,"あたま",5
"紅蓮の法衣上",402,"からだ上",5
"紅蓮の法衣下",401,"からだ下",5
"炎光の勾玉",400,"アクセサリ",4
"はぐれメタルヘルム",399,"あたま",5
"はぐれメタルよろい上",398,"からだ上",5
"はぐれメタルよろい下",397,"からだ下",5
"はぐメタのお守り",396,"アクセサリ",4
"暴魔のメダル",395,"アクセサリ",4
"まよけのすず",394,"アクセサリ",3
"鎧の魔剣(兜)",393,"あたま",5
"鎧の魔剣(鎧上)",392,"からだ上",5
"鎧の魔剣(鎧下)",391,"からだ下",5
"へんなベルト",390,"アクセサリ",3
"ポップの服上",389,"からだ上",5
"マァム(ロモス)の服上",388,"からだ上",5
"ポップの服下",387,"からだ下",5
"マァム(ロモス)の服下",386,"からだ下",5
"ポップのはちまき",385,"あたま",4
"マァムのかんむり",384,"あたま",4
"アバンのしるし",383,"アクセサリ",4
"ダイ(ロモス)のかんむり",382,"あたま",5
"ダイ(ロモス)の鎧上",381,"からだ上",5
"ダイ(ロモス)の鎧下",380,"からだ下",5
"ゴメちゃんアクセ",379,"アクセサリ",5
"アバンヘアー",378,"あたま",4
"ゴメちゃんヘッド",377,"あたま",4
"魔法の筒",376,"アクセサリ",3
"旅のおもいで",375,"アクセサリ",3
"トワイライトハット",374,"あたま",5
"トワイライトフリル上",373,"からだ上",5
"トワイライトフリル下",372,"からだ下",5
"死神のピアス",371,"アクセサリ",4
"ローソンシールド",370,"たて",4
"ローソンの制服上",369,"からだ上",4
"ローソンの制服下",368,"からだ下",4
"スライむすび首飾り",367,"アクセサリ",4
"マチカフェ耳飾り",366,"アクセサリ",3
"漆黒伯爵の眼帯",365,"あたま",5
"漆黒伯爵のコート上",364,"からだ上",5
"漆黒伯爵のコート下",363,"からだ下",5
"ミイラ男のぼうし",362,"あたま",4
"ミイラ男の服上",361,"からだ上",4
"ミイラ男の服下",360,"からだ下",4
"魔女のイヤリング",359,"アクセサリ",3
"ニューフェイスウィッグ",358,"あたま",5
"ニューフェイストップス",357,"からだ上",5
"ニューフェイスボトム",356,"からだ下",5
"霊獣の角飾り",355,"あたま",5
"霊獣のビスチェ上",354,"からだ上",5
"霊獣のビスチェ下",353,"からだ下",5
"しんごんのじゅず",352,"アクセサリ",4
"金のスラミチヘッド",351,"あたま",4
"なかよしペンダント",350,"アクセサリ",3
"世界樹の宝冠",349,"あたま",5
"みちびきの盾",348,"たて",5
"ほのおの盾",347,"たて",5
"世界樹の鎧上",346,"からだ上",5
"世界樹の鎧下",345,"からだ下",5
"記念大王の指輪",344,"アクセサリ",4
"女神のゆびわ",343,"アクセサリ",4
"伊右衛門の耳飾り",342,"アクセサリ",4
"CCレモンの耳飾り",341,"アクセサリ",3
"高かくりつTシャツ・白",340,"からだ上",4
"確定Tシャツ・黒",339,"からだ上",4
"隠者のベルト",338,"アクセサリ",4
"ウォークロゴTシャツ",337,"からだ上",3
"スニーカーTシャツ",336,"からだ上",3
"祝！1周年Tシャツ",335,"からだ上",3
"魔狼のマスク",334,"あたま",5
"魔狼の盾",333,"たて",5
"魔狼の鎧上",332,"からだ上",5
"魔狼の鎧下",331,"からだ下",5
"まもりのルビー",330,"アクセサリ",4
"バトルティアラ",329,"あたま",5
"バトルシールド",328,"たて",5
"バトルドレス上",327,"からだ上",5
"バトルドレス下",326,"からだ下",5
"ギガンテスのお面",325,"あたま",4
"夏祭りの浴衣上",324,"からだ上",4
"夏祭りの浴衣下",323,"からだ下",4
"スライムのお面",322,"あたま",3
"スライムベスのお面",321,"あたま",3
"ドラキーのお面",320,"あたま",3
"風鈴のイヤリング",319,"アクセサリ",3
"ガイアのかぶと",318,"あたま",5
"ガイアの盾",317,"たて",5
"ガイアのよろい上",316,"からだ上",5
"ガイアのよろい下",315,"からだ下",5
"紅蓮の竜玉",314,"アクセサリ",4
"蒼竜のヘルム",313,"あたま",5
"蒼竜のよろい上",312,"からだ上",5
"蒼竜のよろい下",311,"からだ下",5
"立派な白ヒゲ",310,"アクセサリ",3
"デカビタCの首飾り",309,"アクセサリ",4
"なっちゃんの首飾り",308,"アクセサリ",3
"ギガンテスヘッド",307,"あたま",4
"ギガンテスのツノ",306,"アクセサリ",4
"あぶない髪飾り",305,"あたま",5
"あぶない水着上",304,"からだ上",5
"あぶない水着下",303,"からだ下",5
"スイカ岩ハット",302,"あたま",4
"まなつのせんしハット",301,"あたま",4
"スイカ岩Tシャツ",300,"からだ上",4
"まなつのせんしTシャツ",299,"からだ上",4
"麦わらスライムTシャツ",298,"からだ上",4
"あらくれものTシャツ",297,"からだ上",4
"スイカ岩パンツ",296,"からだ下",4
"まなつのせんしパンツ",295,"からだ下",4
"ココメルペンダント",294,"アクセサリ",4
"まなつのぼうし",293,"あたま",3
"ボーダーTシャツ・黄",292,"からだ上",3
"ボーダーTシャツ・緑",291,"からだ上",3
"ボーダーTシャツ・紺",290,"からだ上",3
"ボーダーTシャツ・銀",289,"からだ上",3
"ボーダーTシャツ・橙",288,"からだ上",3
"ボーダーTシャツ・青",287,"からだ上",3
"まなつのパンツ",286,"からだ下",3
"黒嵐のフード",285,"あたま",5
"黒嵐のローブ上",284,"からだ上",5
"黒嵐のローブ下",283,"からだ下",5
"砂海のターバン",282,"あたま",4
"砂海のころも上",281,"からだ上",4
"砂海のころも下",280,"からだ下",4
"翼神の加護",279,"アクセサリ",4
"ギガンテスのベルト",278,"アクセサリ",3
"破邪のネックレス",277,"アクセサリ",3
"聖女のティアラ",276,"あたま",5
"聖女のころも上",275,"からだ上",5
"聖女のころも下",274,"からだ下",5
"記念大王スライムヘッド",273,"あたま",4
"ドラゴロウヘッド",272,"あたま",4
"スラ子ヘッド",271,"あたま",4
"タワッピーヘッド",270,"あたま",4
"トーテムヘッド",269,"あたま",4
"タワッピーボディ",268,"からだ上",4
"トーテムボディ",267,"からだ上",4
"タワッピーパンツ",266,"からだ下",4
"トーテムパンツ",265,"からだ下",4
"スラタワヘッド・黄",264,"あたま",3
"スラタワボディ・黄",263,"からだ上",3
"スラタワパンツ・黄",262,"からだ下",3
"ダークタトゥー",261,"アクセサリ",3
"ダークキングの牙",260,"アクセサリ",3
"ダクスラヘッド",259,"あたま",4
"メタブラヘッド",258,"あたま",4
"スラよしヘッド",257,"あたま",4
"メタブラボディ",256,"からだ上",4
"メタブラパンツ",255,"からだ下",4
"スラタワヘッド・紺",254,"あたま",3
"スラタワボディ・紺",253,"からだ上",3
"スラタワパンツ・紺",252,"からだ下",3
"聖盾騎士のかぶと",251,"あたま",5
"聖盾騎士の大盾",250,"たて",5
"聖盾騎士のよろい上",249,"からだ上",5
"聖盾騎士のよろい下",248,"からだ下",5
"カーニバルピアス",247,"アクセサリ",4
"バロックヘッド",246,"あたま",5
"バロックコート上",245,"からだ上",5
"バロックコート下",244,"からだ下",5
"マスターハット",243,"あたま",4
"マスターベスト",242,"からだ上",4
"マスタースラックス",241,"からだ下",4
"ラーミアの冠帽",240,"あたま",5
"ラーミアの羽衣上",239,"からだ上",5
"ラーミアの羽衣下",238,"からだ下",5
"金のネックレス",237,"アクセサリ",4
"ガーターベルト",236,"アクセサリ",4
"カンダタマスク",235,"あたま",5
"マッスルボディ",234,"からだ上",5
"マッスルパンツ",233,"からだ下",5
"ひかりのかぶと",232,"あたま",5
"アリアハンのかぶと",231,"あたま",5
"勇者の盾",230,"たて",5
"アリアハンの盾",229,"たて",5
"ひかりのよろい上",228,"からだ上",5
"アリアハンの服上",227,"からだ上",5
"ひかりのよろい下",226,"からだ下",5
"アリアハンの服下",225,"からだ下",5
"にげにげリング",224,"アクセサリ",4
"さくらのピアス",223,"アクセサリ",3
"きんのゆびわ",222,"アクセサリ",2
"スライムベスピアス",221,"アクセサリ",2
"ノーブルハット",220,"あたま",5
"ノーブルコート上",219,"からだ上",5
"ノーブルコート下",218,"からだ下",5
"記念大王の冠",217,"あたま",4
"記念大王の服",216,"からだ上",4
"さとりのかんむり",215,"あたま",5
"さとりのころも上",214,"からだ上",5
"さとりのころも下",213,"からだ下",5
"スラミチヘッド",212,"あたま",4
"スライムヘッド",211,"あたま",4
"スライムボディ",210,"からだ上",4
"スライムパンツ",209,"からだ下",4
"鞠の指輪",208,"アクセサリ",4
"スラタワヘッド・緑",207,"あたま",3
"スラタワヘッド・白",206,"あたま",3
"スラタワヘッド・桃",205,"あたま",3
"スラタワヘッド・茶",204,"あたま",3
"スラタワボディ・茶",203,"からだ上",3
"スラタワボディ・白",202,"からだ上",3
"スラタワボディ・桃",201,"からだ上",3
"スラタワボディ・緑",200,"からだ上",3
"スラタワパンツ・緑",199,"からだ下",3
"スラタワパンツ・白",198,"からだ下",3
"スラタワパンツ・桃",197,"からだ下",3
"スラタワパンツ・茶",196,"からだ下",3
"ひなまつりの耳飾り",195,"アクセサリ",3
"冥獣のはちがね",194,"あたま",5
"冥獣の装束上",193,"からだ上",5
"冥獣の装束下",192,"からだ下",5
"魔導将軍のゆびわ",191,"アクセサリ",4
"ドクロのゆびわ",190,"アクセサリ",3
"小悪魔ハット",189,"あたま",4
"小悪魔スーツ上",188,"からだ上",4
"小悪魔スーツ下",187,"からだ下",4
"あくまのしっぽ",186,"アクセサリ",4
"闇騎士のヘルム",185,"あたま",5
"闇騎士のよろい上",184,"からだ上",5
"闇騎士のよろい下",183,"からだ下",5
"BOSSネックレス",182,"アクセサリ",3
"メタスラピアス",181,"アクセサリ",3
"破幻のリング",180,"アクセサリ",3
"はぐれメタルの盾",179,"たて",5
"書聖のかみかざり",178,"あたま",5
"書聖のはおり",177,"からだ上",5
"書聖のはかま",176,"からだ下",5
"獅子舞のかぶりもの",175,"あたま",4
"金獅子のかぶりもの",174,"あたま",4
"獅子舞のふく上",173,"からだ上",4
"金獅子のふく上",172,"からだ上",4
"獅子舞のふく下",171,"からだ下",4
"金獅子のふく下",170,"からだ下",4
"ほむらのいんろう",169,"アクセサリ",4
"梅紅白のみみかざり",168,"アクセサリ",4
"おめでたい指輪",167,"アクセサリ",3
"デスピサロのかぶと",166,"あたま",5
"デスピサロよろい上",165,"からだ上",5
"デスピサロよろい下",164,"からだ下",5
"おうごんのうでわ",163,"アクセサリ",4
"サンタのぼうし",162,"あたま",4
"サンタのふく上",161,"からだ上",4
"サンタのふく下",160,"からだ下",4
"ツリーピアス",159,"アクセサリ",2
"ロザリーの髪飾り",158,"あたま",5
"ロザリーの衣上",157,"からだ上",5
"ロザリーの衣下",156,"からだ下",5
"魔界のチョーカー",155,"アクセサリ",4
"天空のかぶと",154,"あたま",5
"天空の盾",153,"たて",5
"天空のよろい上",152,"からだ上",5
"天空のよろい下",151,"からだ下",5
"導かれし勇者の兜",150,"あたま",4
"導かれし勇者の盾",149,"たて",4
"導かれし勇者の服上",148,"からだ上",4
"導かれし勇者の服下",147,"からだ下",4
"ほのおのルビー",146,"アクセサリ",4
"ちからのゆびわ",145,"アクセサリ",2
"ドラゴンシールド",144,"たて",5
"空竜のかぶりもの",143,"あたま",4
"空竜のきぐるみ",142,"からだ上",4
"大地の竜玉",141,"アクセサリ",4
"ドラゴンタトゥー",140,"アクセサリ",3
"はやてのリング",139,"アクセサリ",3
"竜のおまもり",138,"アクセサリ",2
"もみじのピアス",137,"アクセサリ",3
"黄竜のはちまき",136,"あたま",5
"黄竜の道着上",135,"からだ上",5
"黄竜の道着下",134,"からだ下",5
"レックスかぶりもの",133,"あたま",4
"レックスきぐるみ",132,"からだ上",4
"黄竜眼の指輪",131,"アクセサリ",4
"木の葉のぼうし",130,"あたま",3
"まじないしターバン",129,"あたま",3
"ライトバックラー",128,"たて",3
"木の葉のよろい上",127,"からだ上",3
"まじないしローブ上",126,"からだ上",3
"木の葉のよろい下",125,"からだ下",3
"まじないしローブ下",124,"からだ下",3
"黄竜のピアス",123,"アクセサリ",2
"りゅうおうのかぶと",122,"あたま",5
"りゅうおうローブ上",121,"からだ上",5
"りゅうおうローブ下",120,"からだ下",5
"王女の愛",119,"アクセサリ",4
"ロトのしるし",118,"アクセサリ",4
"しのくびかざり",117,"アクセサリ",3
"のろいのベルト",116,"アクセサリ",3
"ハートのペンダント",115,"アクセサリ",2
"ロトのかぶと",114,"あたま",5
"ロトの盾",113,"たて",5
"ロトのよろい上",112,"からだ上",5
"ロトのよろい下",111,"からだ下",5
"ラダトームのかぶと",110,"あたま",4
"ラダトームの盾",109,"たて",4
"ラダトームよろい上",108,"からだ上",4
"ラダトームよろい下",107,"からだ下",4
"戦士の指輪",106,"アクセサリ",3
"竜のうろこ",105,"アクセサリ",2
"王宮魔術師帽",104,"あたま",5
"ワイルドベレー",103,"あたま",5
"凱歌のヘルム",102,"あたま",5
"メタスラの盾",101,"たて",5
"王者の盾",100,"たて",5
"プラチナトレイ",99,"たて",5
"ルーンバックラー",98,"たて",5
"王宮魔術師ローブ上",97,"からだ上",5
"ワイルドジャケット",96,"からだ上",5
"凱歌のよろい上",95,"からだ上",5
"王宮魔術師ローブ下",94,"からだ下",5
"ワイルドボトム",93,"からだ下",5
"凱歌のよろい下",92,"からだ下",5
"まほうサークレット",91,"あたま",4
"くろがねのはちがね",90,"あたま",4
"プラチナヘルム",89,"あたま",4
"しんりのぼうし",88,"あたま",4
"無法者のバンダナ",87,"あたま",4
"トレジャーキャップ",86,"あたま",4
"シルバートレイ",85,"たて",4
"まほうの盾",84,"たて",4
"オニグモの盾",83,"たて",4
"おやぶんの大盾",82,"たて",4
"まほうのよろい上",81,"からだ上",4
"くろがねのよろい上",80,"からだ上",4
"プラチナメイル上",79,"からだ上",4
"しんりのローブ上",78,"からだ上",4
"無法者のベスト",77,"からだ上",4
"トレジャーコート上",76,"からだ上",4
"まほうのよろい下",75,"からだ下",4
"くろがねのよろい下",74,"からだ下",4
"プラチナメイル下",73,"からだ下",4
"しんりのローブ下",72,"からだ下",4
"無法者のズボン",71,"からだ下",4
"トレジャーコート下",70,"からだ下",4
"ぎんのはちがね",69,"あたま",3
"マタドールバンド",68,"あたま",3
"はがねのかぶと",67,"あたま",3
"魔法使いのぼうし",66,"あたま",3
"戦士のかぶと",65,"あたま",3
"バンデッドバンド",64,"あたま",3
"森人のぼうし",63,"あたま",3
"ホーリーカロット",62,"あたま",3
"げんぶのかぶと",61,"あたま",3
"はがねの大盾",60,"たて",3
"ホワイトバックラー",59,"たて",3
"カイトバックラー",58,"たて",3
"ぎんのむねあて",57,"からだ上",3
"マタドールスーツ上",56,"からだ上",3
"はがねのよろい上",55,"からだ上",3
"魔法使いの服",54,"からだ上",3
"戦士のよろい",53,"からだ上",3
"バンデッドチェイン",52,"からだ上",3
"森人のチョッキ",51,"からだ上",3
"ホーリーローブ上",50,"からだ上",3
"げんぶの道着上",49,"からだ上",3
"バンデッドボトム",48,"からだ下",3
"ぎんのこしだれ",47,"からだ下",3
"マタドールスーツ下",46,"からだ下",3
"はがねのよろい下",45,"からだ下",3
"魔法使いのズボン",44,"からだ下",3
"戦士のレガース",43,"からだ下",3
"森人の前かけ",42,"からだ下",3
"ホーリーローブ下",41,"からだ下",3
"げんぶの道着下",40,"からだ下",3
"理性のリング",39,"アクセサリ",3
"はくあいのゆびわ",38,"アクセサリ",3
"はやてのバンダナ",37,"あたま",2
"みかわしのぼうし",36,"あたま",2
"てつのはちがね",35,"あたま",2
"くさりのはちがね",34,"あたま",2
"サフランハット",33,"あたま",2
"てつの大盾",32,"たて",2
"せいどうの盾",31,"たて",2
"はやてのベスト",30,"からだ上",2
"みかわしの服上",29,"からだ上",2
"てつのむねあて",28,"からだ上",2
"くさりかたびら上",27,"からだ上",2
"サフランローブ上",26,"からだ上",2
"はやてのキュロット",25,"からだ下",2
"みかわしの服下",24,"からだ下",2
"てつのこしだれ",23,"からだ下",2
"くさりかたびら下",22,"からだ下",2
"サフランローブ下",21,"からだ下",2
"木彫りのロザリオ",20,"アクセサリ",2
"ちからのペンダント",19,"アクセサリ",2
"いやしのぼうし",18,"あたま",1
"きぬのぼうし",17,"あたま",1
"麻のぼうし",16,"あたま",1
"かしの大盾",15,"たて",1
"皮の盾",14,"たて",1
"いやしの服",13,"からだ上",1
"きぬのローブ上",12,"からだ上",1
"麻の服",11,"からだ上",1
"いやしのズボン",10,"からだ下",1
"きぬのローブ下",9,"からだ下",1
"麻の短パン",8,"からだ下",1
"サファイアのピアス",7,"アクセサリ",1
"スライムピアス",6,"アクセサリ",1
"ブルーハートピアス",5,"アクセサリ",1
"ハートのピアス",4,"アクセサリ",1
"サニーアンクレット",3,"アクセサリ",3
"温泉の浴衣・上",2,"からだ上",4
"温泉の浴衣・下",1,"からだ下",4
